sample,Achromobacter,Acidaminococcus,Acinetobacter,Actinobacillus,Actinobaculum,Actinomyces,Aerococcus,Aeromicrobium,Afipia,Aggregatibacter,Alistipes,Alloiococcus,Anaerobaculum,Anaerococcus,Anaerofustis,Anaeroglobus,Anaerostipes,Anaerotruncus,Arcobacter,Atopobium,Bacillus,Bacteroides,Bacteroidetes,Barnesiella,Bergeyella,Bifidobacterium,Bilophila,Blautia,Brevibacterium,Brevundimonas,Bulleidia,Burkholderiales,Butyrivibrio,Campylobacter,Capnocytophaga,Cardiobacterium,Catenibacterium,Centipeda,Chryseobacterium,Citrobacter,Clostridiales,Clostridium,Collinsella,Coprobacillus,Mollicutes,Coprococcus,Corynebacterium,Dermacoccus,Desmospora,Desulfitobacterium,Desulfovibrio,Dialister,Dolosigranulum,Dorea,Dysgonomonas,Edwardsiella,Eggerthella,Eikenella,Enhydrobacter,Enterobacter,Enterobacteriaceae,Enterococcus,Eremococcus,Erysipelothrix,Erysipelotrichaceae,Escherichia,Eubacteriaceae,Eubacterium,Facklamia,Faecalibacterium,Filifactor,Finegoldia,Flavonifractor,Fusobacterium,Gardnerella,Gemella,Granulicatella,Haemophilus,Hafnia,Helcococcus,Helicobacter,Holdemania,Johnsonella,Jonquetella,Kingella,Klebsiella,Lachnospiraceae,Lactobacillus,Lautropia,Leptotrichia,Leuconostoc,Listeria,Marvinbryantia,Massilia,Megamonas,Megasphaera,Methanobrevibacter,Micrococcus,Mitsuokella,Mobiluncus,Mycobacterium,Myroides,Neisseria,Odoribacter,Olsenella,Oribacterium,Oxalobacter,Paenibacillus,Parabacteroides,Paraprevotella,Parascardovia,Parasutterella,Parvimonas,Pasteurella,Pediococcus,Peptoniphilus,Peptostreptococcus,Phascolarctobacterium,Porphyromonas,Prevotella,Propionibacterium,Proteus,Providencia,Pseudoflavonifractor,Pseudomonas,Pseudoramibacter,Psychrobacter,Pyramidobacters,Ralstonia,Rhodococcus,Roseburia,Roseomonas,Rothia,Ruminococcaceae,Ruminococcus,Scardovia,Segniliparus,Selenomonas,Serratia,Shigella,Shuttleworthia,Simonsiella,Slackia,Solobacterium,Sphingobacterium,Sphingobium,Sporosarcina,Staphylococcus,Stomatobaculum,Streptococcus,Subdoligranulum,Succinatimonas,Sutterella,Synergistes,Tannerella,Treponema,Turicella,Turicibacter,Veillonella,Weissella,Yokenella
normal1,0,0,0,0,0,0,0,0,0,0,0,0,0,0,0,0,0,0,0,0,0,0.2371,0,0.01197,0,0,0,0,0,0,0,0,0,0,0,0,0,0,0,0,0,0,0,0,0,0,0,0,0,0,0,0,0,0,0,0,0,0,0,0,0,0,0,0,0,0.70574,0.00897,0,0.01099,0,0.02159,0,0,0,0,0,0,0,0,0,0,0,0,0,0,0.003637,0,0,0,0,0,0,0,0,0,0,0,0,0,0,0,0,0,0,0,0,0,0,0,0,0,0,0,0,0,0,0,0,0,0,0,0,0,0,0,0,0,0,0,0,0,0,0,0,0,0,0,0,0,0,0,0,0,0,0,0,0,0,0,0,0,0,0,0,0,0,0,0,0,0,0
normal2,0,0,0,0,0,0,0,0,0,0,0,0,0,0,0,0,0,0,0,0,0,0,0,0,0,0,0,0,0,0,0,0,0,0,0,0,0,0,0,0,0,0,0,0,0,0,0,0,0,0,0,0,0,0,0,0,0,0,0,0,0,0,0,0,0,1,0,0,0,0,0,0,0,0,0,0,0,0,0,0,0,0,0,0,0,0,0,0,0,0,0,0,0,0,0,0,0,0,0,0,0,0,0,0,0,0,0,0,0,0,0,0,0,0,0,0,0,0,0,0,0,0,0,0,0,0,0,0,0,0,0,0,0,0,0,0,0,0,0,0,0,0,0,0,0,0,0,0,0,0,0,0,0,0,0,0,0,0,0,0,0
normal3,0,0,0,0,0,0.0005067,0,0,0,0,0,0,0,0,0,0,0,0,0,0,0,0,0,0,0,0,0,0,0,0,0,0,0,0,0,0,0,0,0,0.0024083,0,0,0,0,0,0,0.0006795,0,0,0,0,0,0,0,0.0005795,0,0,0,0,0,0,0,0,0,0,0.9776,0,0,0,0,0,0,0,0,0,0,0.000505,0,0,0,0,0,0,0,0,0.0003762,0,0,0,0,0,0,0,0,0,0,0,0,0,0,0,0,0,0,0,0,0,0,0,0,0,0,0,0,0,0,0,0,0,0,0.0005425,0,0,0,0,0,0,0,0.0007857,0,0,0,0,0,0,0,0,0,0,0,0,0,0,0,0,0,0,0.0154096,0,0.0006888,0,0,0,0,0,0,0,0,0,0,0
normal4,0,0,0,0,0,0,0,0,0,0,0,0,0,0,0,0,0,0,0,0,0,0,0,0,0,0,0,0,0,0,0,0,0,0,0,0,0,0,0,0,0,0,0,0,0,0,0,0,0,0,0,0,0,0,0,0,0,0,0,0.0006036,0,0,0,0,0,0.96051,0,0,0,0,0,0,0,0.003038,0,0,0,0,0,0,0,0,0,0,0,0.0002801,0,0,0,0,0,0,0,0,0,0,0,0,0,0,0,0.0002458,0.0003271,0,0,0,0,0,0,0,0,0,0,0,0,0,0,0,0,0,0.0135345,0,0,0,0,0,0,0,0.0025181,0,0,0,0.0002183,0,0,0,0,0,0,0,0,0,0,0,0,0,0,0.017171,0,0.0015312,0,0,0,0,0,0,0,0,0,0,0
normal5,0,0,0.001138,0,0,0,0,0,0,0,0,0,0,0,0,0,0,0,0,0,0,0,0,0,0,0,0,0,0,0,0,0,0,0,0,0,0,0,0,0.0016517,0,0.001338,0,0,0,0,0,0,0,0,0,0,0,0,0,0,0,0,0,0.0004029,0,0,0,0,0,0.942634,0,0,0,0,0,0,0,0,0.0004837,0,0,0,0,0,0,0,0,0,0,0.0007224,0,0,0,0,0,0,0,0,0,0,0,0,0,0,0,0,0,0,0,0,0,0,0,0,0,0,0,0,0,0,0,0,0,0,0.0179272,0,0,0,0,0,0,0,0.0007396,0,0,0,0.0003122,0,0,0,0,0,0,0,0,0,0,0,0,0,0,0.032543,0,0,0,0,0,0,0,0,0,0,0,0,9.62E-05
normal6,0,0,0,0,0,0,0,0,0,0,0,0,0,0,0,0,0,0,0,0,0,0,0,0,0,0,0,0,0,0,0,0,0,0,0,0,0,0,0,0.06133,0,0,0,0,0,0,0,0,0,0,0,0,0,0,0,0,0,0,0,0.01211,0,0,0,0,0,0.92174,0,0,0,0,0,0,0,0,0,0,0,0,0,0,0,0,0,0,0,0.004785,0,0,0,0,0,0,0,0,0,0,0,0,0,0,0,0,0,0,0,0,0,0,0,0,0,0,0,0,0,0,0,0,0,0,0,0,0,0,0,0,0,0,0,0,0,0,0,0,0,0,0,0,0,0,0,0,0,0,0,0,0,0,0,0,0,0,0,0,0,0,0,0,0,0,0
normal7,0,0.007793,0,0,0,0.0000468,0,0,0,0,0,0,0,0,0,0,0.0000945,0,0,0,0,0.4217278,0,0.0001174,0,0,0,0.0029203,0,0,0,0,0,0,0.0005963,0,0,0,0,0.0008826,0,0.0145009,0,0.0006574,0,0,0,0,0,0,0,0.000027,0,0.0022187,0,0,0.004264,0,0,0.0002704,0,0,0,0,0.0023863,0.4079216,0,0.0092185,0,0,0,0.0000534,0,0.0001557,0,0,0,0,0,0,0,0.0002099,0,0,0,0.00024603,0.0914719,0,0,0,0,0,0.0002813,0,0,0,0,0,0,2.42E-05,0,0.0000124,0,0,0,0,0,0,0.0024938,0,0,0,0,0,0,0,0,0,0,0,0,0,0,0.0007038,0,0,0,0,0.0001808,0,0.001851,0,0,0.0009129,0.0169808,0,0,0,0,0,0,0,0.0000244,0,0,0,0,0,0.0001885,0.0001363,0.0041827,0,0,0,0,0,0,0,0.0042469,0,3.78E-05
normal8,0,0,0,0,0,0.0002889,0,0,0,0.0002698,0.00727,0,0,0,0,0,0.0258909,0.004018,0,0,0,0.1412617,0,0.002178,0,0.0008315,0.00312,0.006665,0,0,0,0,0,0.0001299,0.0000409,0,0,0,0,0.0001213,0.0073567,0.076329,0.00006,0.002672,0,0.0139626,0,0,0,0,0.0028491,0.0001716,0,0.030449,0.0001134,0,0.0011258,0,0,0,0,0,0,0,0.0039339,0.0112169,0.0001866,0.0386812,0.0000632,0.26595,0,0,0.007613,0.0004684,0,0,0,0.0024606,0,0,0,0.003116,0.003153,0,0,0,0.1197782,0.0054742,0,0,0,0,0,0,0,0,0,0,0,0,0,0,0.0012869,0,0,0.0009548,0.000174,0,0.0206022,0,0,0,0,0,0,0,0,0,0,0.0002222,0,0,0,0.001493,0,0,0,0,0,0,0.022999,0,0,0.01798,0.13189,0,0,0,0,0,0.0006398,0,0,0,0,0,0,0,0.0006996,0.0033663,0.00827,0,0,0,0,0,0,0,0.0002047,0,0
normal9,0,0,0,0,0,0,0,0,0,0.004928,0.03137,0,0,0,0,0,0,0,0,0,0,0.263795,0,0,0,0,0,0,0,0,0,0,0,0,0,0,0,0,0,0,0,0.22262,0.01095,0.005304,0,0,0,0,0,0,0,0,0,0,0,0,0,0,0,0,0,0,0,0,0,0.32117,0,0.025726,0,0,0,0,0,0,0,0,0,0,0,0,0,0,0,0,0,0,0.03178,0,0,0,0,0,0,0,0,0,0,0,0,0,0,0,0,0,0,0,0,0,0.023182,0,0,0,0,0,0,0,0,0,0,0.035508,0,0,0,0,0,0,0,0,0,0,0,0,0,0,0,0,0,0,0,0,0,0,0,0,0,0,0,0,0,0.02362,0,0,0,0,0,0,0,0,0,0,0
normal10,0,0,0,0,0,0,0,0,0,0,0,0,0,0,0,0,0,0,0,0,0,0.27769,0,0,0,0,0,0,0,0,0,0,0,0,0,0,0,0,0,0,0,0,0,0,0,0,0,0,0,0,0,0,0,0.1708,0,0,0,0,0,0,0,0,0,0,0,0,0,0,0,0,0,0,0,0,0,0,0,0,0,0,0,0,0,0,0,0,0.1739,0,0,0,0,0,0,0,0,0,0,0,0,0,0,0,0,0,0,0,0,0,0,0,0,0,0,0,0,0,0,0,0,0,0,0,0,0,0,0,0,0,0,0,0,0,0,0.1171,0,0,0,0,0,0,0,0,0,0,0,0,0,0,0,0,0,0,0,0,0,0,0,0,0.2605,0,0
normal11,0,0,0,0,0,0,0,0,0,0,0,0,0,0,0,0,0,0,0,0,0,0.465717,0,0,0,0,0,0,0,0,0,0,0,0,0,0,0,0,0,0,0,0,0,0,0,0,0,0,0,0,0,0,0,0,0,0,0,0,0,0,0,0,0,0,0,0.52883,0,0,0,0,0,0,0,0,0,0,0,0,0,0,0,0,0,0,0,0,0,0,0,0,0,0,0,0,0,0,0,0,0,0,0,0,0,0,0,0,0,0,0.005461,0,0,0,0,0,0,0,0,0,0,0,0,0,0,0,0,0,0,0,0,0,0,0,0,0,0,0,0,0,0,0,0,0,0,0,0,0,0,0,0,0,0,0,0,0,0,0,0,0,0,0,0
normal12,0,0,0,0,0,0,0,0,0,0,0,0,0,0,0,0,0,0,0,0,0,0.202407,0,0.01732,0,0,0,0,0,0,0,0,0,0,0,0,0,0,0,0,0,0.1859,0,0,0,0.02305,0,0,0,0,0,0,0,0,0,0,0,0,0,0,0,0,0,0,0,0.15372,0,0,0,0,0,0,0,0,0,0.04011,0.01375,0,0,0,0,0,0,0,0,0,0.06972,0,0,0,0,0,0,0,0,0,0,0,0,0,0,0,0,0,0,0,0,0,0.021009,0,0,0,0,0,0,0,0,0,0,0,0,0,0,0,0,0,0,0,0,0,0.273,0,0,0,0,0,0,0,0,0,0,0,0,0,0,0,0,0,0,0,0,0,0,0,0,0,0,0,0,0,0
normal13,0,0,0,0,0,0,0,0,0,0,0.0006239,0,0,0,0,0,0,0,0,0,0,0.2165933,0,0,0,0.001232,0,0,0,0,0.003142,0,0,0,0.002077,0,0,0,0,0.00398,0,0.003209,0.0004921,0.0009535,0,0.00136,0,0,0,0,0.001873,0.001409,0,0.005658,0,0,0,0,0,0,0,0,0,0,0,0.130831,0,0.0023134,0,0.016816,0.007835,0,0,0.171485,0,0.006071,0,0.002556,0,0,0,0,0,0,0,0,0.0779485,0.00765,0,0,0,0,0,0,0,0,0,0,0,0,0,0,0,0,0,0,0,0,0.005701,0,0,0,0.032328,0,0,0,0.04961,0,0,0.1160921,0,0,0,0,0,0,0,0,0,0,0.03221,0,0,0.002271,0.0679,0,0,0.00124,0,0,0,0,0.0008493,0.01147,0,0,0,0,0.0008206,0.003523,0.009035,0,0,0,0,0,0,0,0.0008403,0,0
normal14,0,0,0.02541,0,0,0,0,0,0.007078,0,0,0,0,0,0,0,0,0,0,0,0,0,0,0,0,0,0,0,0,0,0,0,0,0,0,0,0,0,0,0,0,0,0,0,0,0,0,0,0,0,0,0,0,0,0,0,0,0,0,0,0,0,0,0,0,0.22818,0,0,0,0,0,0,0,0,0,0,0,0,0,0,0,0,0,0,0,0,0,0.063201,0,0,0,0,0,0,0,0,0,0,0,0,0,0,0,0,0,0,0,0,0,0,0,0,0,0,0,0,0,0,0,0,0,0,0,0,0,0,0,0,0.6629,0,0,0,0,0,0,0,0,0,0,0,0,0,0,0,0,0,0,0.0133,0,0,0,0,0,0,0,0,0,0,0,0,0
normal15,0,0,0.11025,0,0,0,0,0,0.002847,0,0,0,0,0,0,0,0,0,0,0,0,0,0,0,0,0,0,0,0,0,0,0,0,0,0,0,0,0,0,0.06535,0,0,0,0,0,0,0,0,0,0,0,0,0,0,0,0,0,0,0,0,0,0,0,0,0,0,0,0,0,0,0,0,0,0,0,0,0,0,0,0,0,0,0,0,0,0,0,0,0,0,0,0,0,0,0,0,0,0,0,0,0,0,0,0,0,0,0,0,0,0,0,0,0,0,0,0,0,0,0,0,0.01431,0,0,0,0,0,0,0,0.8072,0,0,0,0,0,0,0,0,0,0,0,0,0,0,0,0,0,0,0,0,0,0,0,0,0,0,0,0,0,0,0,0
normal16,0,0,0,0,0,0,0,0,0,0,0,0,0,0,0,0,0,0,0,0,0,0,0,0,0,0,0,0,0,0,0,0,0,0,0,0,0,0,0,0,0,0,0,0,0,0,0,0,0,0,0,0,0,0,0,0,0,0,0,0,0,0,0,0,0,1,0,0,0,0,0,0,0,0,0,0,0,0,0,0,0,0,0,0,0,0,0,0,0,0,0,0,0,0,0,0,0,0,0,0,0,0,0,0,0,0,0,0,0,0,0,0,0,0,0,0,0,0,0,0,0,0,0,0,0,0,0,0,0,0,0,0,0,0,0,0,0,0,0,0,0,0,0,0,0,0,0,0,0,0,0,0,0,0,0,0,0,0,0,0,0
normal17,0,0,0,0,0,0.08087,0,0,0,0,0,0,0,0,0,0,0,0,0,0,0,0,0,0,0,0,0,0,0,0,0,0,0,0,0,0,0,0,0,0.02194,0,0,0,0,0,0,0,0,0,0,0,0,0,0,0,0,0,0,0,0,0,0,0,0,0,0,0,0,0,0,0,0,0,0,0,0,0,0,0,0,0,0,0,0,0,0,0,0,0,0,0.3429,0,0,0,0,0,0,0,0,0,0,0,0,0,0,0,0,0,0,0,0,0,0,0,0,0,0,0,0,0.04721,0.2481,0,0,0,0,0,0,0,0,0,0,0,0,0,0,0,0,0,0,0,0,0,0,0,0,0,0,0.2589,0,0,0,0,0,0,0,0,0,0,0,0,0
normal18,0,0,0,0,0,0,0,0,0,0,0,0,0,0,0,0,0,0,0,0,0,0,0,0,0,0,0,0,0,0,0,0,0,0,0,0,0,0,0,0,0,0,0,0,0,0,0,0,0,0,0,0,0,0,0,0,0,0,0,0,0,0,0,0,0,0.80131,0,0,0,0,0,0,0,0,0,0,0,0,0,0,0,0,0,0,0,0,0,0,0,0,0,0,0,0,0,0,0,0,0,0,0,0,0,0,0,0,0,0,0,0,0,0,0,0,0,0,0,0,0,0,0,0,0,0,0,0,0,0,0.18241,0,0,0,0,0,0,0,0,0,0,0,0,0,0,0,0,0,0,0.01631,0,0,0,0,0,0,0,0,0,0,0,0,0
normal19,0,0,0,0,0,0,0,0,0.004584,0,0,0,0,0,0,0,0,0,0,0,0,0,0,0,0,0,0,0,0,0,0,0,0,0,0,0,0,0,0,0.04508,0,0,0,0,0,0,0,0,0,0,0,0,0,0,0,0,0,0,0,0,0,0,0,0,0,0,0,0,0,0,0,0,0,0,0,0,0,0,0,0,0,0,0,0,0,0,0,0,0,0,0,0,0,0,0,0,0,0,0,0,0,0,0.01664,0,0,0,0,0,0,0,0,0,0,0,0,0,0,0,0,0,0,0,0,0,0,0,0,0,0.8782,0,0,0,0,0,0,0,0,0,0,0,0,0,0,0,0,0,0,0.05553,0,0,0,0,0,0,0,0,0,0,0,0,0
normal20,0,0,0,0,0,0,0,0,0.01872,0,0,0,0,0,0,0,0,0,0,0,0,0,0,0,0,0,0,0,0,0,0,0,0,0,0,0,0,0,0,0,0,0,0,0,0,0,0,0,0,0,0,0,0,0,0,0,0,0,0,0,0,0,0,0,0,0,0,0,0,0,0,0,0,0.06278,0,0,0,0,0,0,0,0,0,0,0,0,0,0,0,0,0,0,0,0,0,0,0,0,0,0,0,0,0,0,0,0,0,0,0,0,0,0,0,0,0,0,0,0,0,0,0,0,0,0,0,0,0,0,0.9185,0,0,0,0,0,0,0,0,0,0,0,0,0,0,0,0,0,0,0,0,0,0,0,0,0,0,0,0,0,0,0,0
normal21,0,0,0,0,0,0,0,0,0.4365,0,0,0,0,0,0,0,0,0,0,0,0,0,0,0,0,0,0,0,0,0,0,0,0,0,0,0,0,0,0,0,0,0,0,0,0,0,0,0,0,0,0,0,0,0,0,0,0,0,0,0,0,0,0,0,0,0,0,0,0,0,0,0,0,0,0,0,0,0,0,0,0,0,0,0,0,0,0,0,0,0,0,0,0,0,0,0,0,0,0,0,0,0,0,0,0,0,0,0,0,0,0,0,0,0,0,0,0,0,0,0.1698,0,0,0,0,0,0,0,0,0,0,0,0,0,0,0,0,0,0,0,0,0,0,0,0,0,0,0,0.3937,0,0,0,0,0,0,0,0,0,0,0,0,0
normal22,0,0,0,0,0,0,0,0,0.007194,0,0,0,0,0,0,0,0,0,0,0,0,0,0,0,0,0,0,0,0,0.4272,0,0,0,0,0,0,0,0,0,0.07075,0,0,0,0,0,0,0.05817,0,0,0,0,0,0,0,0,0,0,0,0,0,0,0,0,0,0,0.13642,0,0,0,0,0,0,0,0,0,0,0,0,0,0,0,0,0,0,0,0,0,0,0,0,0,0,0,0,0,0,0,0,0,0,0,0,0,0,0,0,0,0,0,0,0,0,0,0,0,0,0,0,0,0,0,0,0,0,0,0,0,0,0.26878,0,0,0,0,0,0,0,0,0,0,0,0,0,0,0,0,0,0,0.03155,0,0,0,0,0,0,0,0,0,0,0,0,0
normal23,0,0,0.08423,0,0,0.009073,0,0,0.179178,0,0,0,0,0,0,0,0,0,0,0,0,0,0,0,0,0,0,0,0,0,0,0,0,0,0,0,0,0,0,0.102539,0,0,0,0,0,0,0,0,0,0,0,0,0,0,0,0,0,0,0,0,0,0,0,0,0,0.0991,0,0.1756,0,0,0,0,0,0.01273,0,0,0,0,0,0,0,0,0,0,0,0.003548,0,0,0,0,0,0,0,0,0,0,0,0,0,0,0,0,0,0,0,0,0,0.06833,0,0,0,0,0,0,0,0,0,0,0,0,0,0,0,0,0,0,0,0,0.1845,0,0,0,0,0,0,0,0,0,0,0,0,0,0,0,0,0,0,0.08115,0,0,0,0,0,0,0,0,0,0,0,0,0
normal24,0,0,0,0,0,0,0,0,0.004354,0,0,0,0,0,0,0,0,0,0,0,0,0,0,0,0,0,0,0,0,0,0,0,0,0,0,0,0,0,0,0,0,0,0,0,0,0,0,0,0,0,0,0,0,0,0,0,0,0,0,0,0,0,0,0,0,0.75809,0,0,0,0,0,0,0,0,0,0,0,0,0,0,0,0,0,0,0,0,0,0,0,0,0,0,0,0,0,0,0,0,0,0,0,0,0,0,0,0,0,0,0,0,0,0,0,0,0,0,0,0,0,0,0,0,0,0,0,0,0,0,0.23757,0,0,0,0,0,0,0,0,0,0,0,0,0,0,0,0,0,0,0,0,0,0,0,0,0,0,0,0,0,0,0,0
normal25,0,0,0,0,0,0,0,0,0,0,0,0,0,0,0,0,0,0,0,0,0,0,0,0,0,0,0,0,0,0,0,0,0,0,0,0,0,0,0,0.00445,0,0,0,0,0,0,0,0,0,0,0,0,0,0,0,0,0,0,0,0,0,0,0,0,0,0.99555,0,0,0,0,0,0,0,0,0,0,0,0,0,0,0,0,0,0,0,0,0,0,0,0,0,0,0,0,0,0,0,0,0,0,0,0,0,0,0,0,0,0,0,0,0,0,0,0,0,0,0,0,0,0,0,0,0,0,0,0,0,0,0,0,0,0,0,0,0,0,0,0,0,0,0,0,0,0,0,0,0,0,0,0,0,0,0,0,0,0,0,0,0,0,0
normal26,0,0,0.16125,0,0,0,0,0,0.005572,0,0,0,0,0,0,0,0,0,0,0,0,0,0,0,0,0.02683,0,0,0,0,0,0,0,0,0,0,0,0,0,0.006083,0,0,0,0,0,0,0,0,0,0,0,0,0,0,0,0,0,0,0,0,0,0,0,0,0,0.1406,0,0,0,0,0,0,0,0,0,0,0,0,0,0,0,0,0,0,0,0,0,0,0,0,0,0,0,0,0,0,0,0,0,0,0,0,0,0,0,0,0,0,0,0,0,0,0,0,0,0,0,0,0,0,0,0,0,0,0,0,0,0,0.6597,0,0,0,0,0,0,0,0,0,0,0,0,0,0,0,0,0,0,0,0,0,0,0,0,0,0,0,0,0,0,0,0
normal27,0,0,0,0,0,0,0,0,0,0,0,0,0,0,0,0,0,0,0,0,0,0,0,0,0,0,0,0,0,0,0,0,0,0,0,0,0,0,0,0,0,0,0,0,0,0,0,0,0,0,0,0,0,0,0,0,0,0,0,0,0,0,0,0,0,1,0,0,0,0,0,0,0,0,0,0,0,0,0,0,0,0,0,0,0,0,0,0,0,0,0,0,0,0,0,0,0,0,0,0,0,0,0,0,0,0,0,0,0,0,0,0,0,0,0,0,0,0,0,0,0,0,0,0,0,0,0,0,0,0,0,0,0,0,0,0,0,0,0,0,0,0,0,0,0,0,0,0,0,0,0,0,0,0,0,0,0,0,0,0,0
normal28,0,0,0,0,0,0,0,0,0,0,0,0,0,0,0,0,0,0,0,0,0,0,0,0,0,0,0,0,0,0,0,0,0,0,0,0,0,0,0,0,0,0,0,0,0,0,0,0,0,0,0,0,0,0,0,0,0,0,0,0,0,0,0,0,0,0,0,0,0,0,0,0,0,0,0,0,0,0,0,0,0,0,0,0,0,0,0,0,0,0,0,0,0,0,0,0,0,0,0,0,0,0,0,0,0,0,0,0,0,0,0,0,0,0,0,0,0,0,0,0,0,0,0,0,0,0,0,0,1,0,0,0,0,0,0,0,0,0,0,0,0,0,0,0,0,0,0,0,0,0,0,0,0,0,0,0,0,0,0,0,0
normal29,0,0,0,0,0,0,0,0,0,0,0,0,0,0,0,0,0,0,0,0,0,0,0,0,0,0,0,0,0,0,0,0,0,0,0,0,0,0,0,0,0,0,0,0,0,0,0,0,0,0,0,0,0,0,0,0,0,0,0,0,0,0.00845,0,0,0,0,0,0,0,0,0,0,0,0,0,0,0,0,0,0,0,0,0,0,0,0,0,0,0,0,0,0,0,0,0,0,0,0,0,0,0,0,0,0,0,0,0,0,0,0,0,0,0,0,0,0,0,0,0,0,0,0,0,0,0,0,0,0,0.9915,0,0,0,0,0,0,0,0,0,0,0,0,0,0,0,0,0,0,0,0,0,0,0,0,0,0,0,0,0,0,0,0
normal30,0,0,0,0,0,0,0,0,0,0,0,0,0,0,0,0,0,0,0,0,0,0,0,0,0,0,0,0,0,0,0,0,0,0,0,0,0,0,0,0,0,0,0,0,0,0,0,0,0,0,0,0,0,0,0,0,0,0,0,0,0,0,0,0,0,0,0,0,0,0,0,0,0,0,0,0,0,0,0,0,0,0,0,0,0,0,0,0,0,0,0,0,0,0,0,0,0,0,0,0,0,0,0,0,0,0,0,0,0,0,0,0,0,0,0,0,0,0,0,0,0,0,0,0,0,0,0,0,1,0,0,0,0,0,0,0,0,0,0,0,0,0,0,0,0,0,0,0,0,0,0,0,0,0,0,0,0,0,0,0,0
normal31,0,0,0,0,0,0,0,0,0,0,0,0,0,0,0,0,0,0,0,0,0,0,0,0,0,0,0,0,0,0,0,0,0,0,0,0,0,0,0,0,0,0,0,0,0,0,0,0,0,0,0,0,0,0,0,0,0,0,0,0,0,0,0,0,0,0,0,0,0,0,0,0,0,0,0,0,0,0,0,0,0,0,0,0,0,0,0,0,0,0,0,0,0,0,0,0,0,0,0,0,0,0,0,0,0,0,0,0,0,0,0,0,0,0,0,0,0,0,0,0,0,0,0,0,0,0,0,0,1,0,0,0,0,0,0,0,0,0,0,0,0,0,0,0,0,0,0,0,0,0,0,0,0,0,0,0,0,0,0,0,0
normal32,0,0,0,0,0,0,0,0,0,0,0,0,0,0,0,0,0,0,0,0,0,0,0,0,0,0,0,0,0,0,0,0,0,0,0,0,0,0,0,0,0,0,0,0,0,0,0,0,0,0,0,0,0,0,0,0,0,0,0,0,0,0,0,0,0,0,0,0,0,0,0,0,0,0,0,0,0,0,0,0,0,0,0,0,0,0,0,0,0,0,0,0,0,0,0,0,0,0,0,0,0,0,0,0,0,0,0,0,0,0,0,0,0,0,0,0,0,0,0,0,0,0,0,0,0,0,0,0,1,0,0,0,0,0,0,0,0,0,0,0,0,0,0,0,0,0,0,0,0,0,0,0,0,0,0,0,0,0,0,0,0
normal33,0,0,0,0,0,0,0,0,0,0,0,0,0,0,0,0,0,0,0,0,0,0,0,0,0,0,0,0,0,0,0,0,0,0,0,0,0,0,0,0,0,0,0,0,0,0,0,0,0,0,0,0,0,0,0,0,0,0,0,0,0,0,0,0,0,0,0,0,0,0,0,0,0,0,0,0,0.0583,0,0,0,0,0,0,0,0,0,0,0,0,0,0,0,0,0,0,0,0,0,0,0,0,0,0,0,0,0,0,0,0,0,0,0,0,0,0,0,0,0,0,0,0,0,0,0,0,0,0,0,0.5675,0,0,0,0.01422,0,0,0,0,0,0,0,0,0,0,0,0,0,0,0,0,0.35998,0,0,0,0,0,0,0,0,0,0,0
normal34,0,0,0,0,0,0,0,0,0,0,0,0,0,0,0,0,0,0,0,0,0,0,0,0,0,0,0,0,0,0,0,0,0,0,0,0,0,0,0,0,0,0,0,0,0,0,0,0,0,0,0,0,0,0,0,0,0,0,0,0,0,0,0,0,0,0,0,0,0,0,0,0,0,0,0,0,0,0,0,0,0,0,0,0,0,0.003942,0,0,0,0,0,0,0,0,0,0,0,0,0,0,0,0,0,0,0,0,0,0,0,0,0,0,0,0,0,0,0,0,0,0,0,0,0,0,0,0,0,0,0.968,0,0,0,0,0,0,0,0,0,0,0,0,0,0,0,0,0,0,0,0,0.0281,0,0,0,0,0,0,0,0,0,0,0
normal35,0,0,0,0,0,0,0,0,0,0,0,0,0,0,0,0,0,0,0,0,0,0,0,0,0,0,0,0,0,0,0,0,0,0,0,0,0,0,0,0,0,0,0,0,0,0,0,0,0,0,0,0,0,0,0,0,0,0,0,0,0,0,0,0,0,0,0,0,0,0,0,0,0,0,0,0,0,0,0,0,0,0,0,0,0,0,0,0,0,0,0,0,0,0,0,0,0,0,0,0,0,0,0,0,0,0,0,0,0,0,0,0,0,0,0,0,0,0,0,0,0,0,0,0,0,0,0,0,1,0,0,0,0,0,0,0,0,0,0,0,0,0,0,0,0,0,0,0,0,0,0,0,0,0,0,0,0,0,0,0,0
normal36,0,0,0.05691,0,0,0,0,0,0,0,0,0,0,0,0,0,0,0,0,0,0,0,0,0,0,0,0,0,0,0,0,0,0,0,0,0,0,0,0.00583,0,0,0,0,0,0,0,0,0,0,0,0,0,0,0,0,0,0,0,0,0,0,0,0,0,0,0,0,0,0,0,0,0,0,0,0,0,0,0,0,0,0,0,0,0,0,0,0,0,0,0,0,0,0,0,0,0,0,0,0,0,0,0,0,0,0,0,0,0,0,0,0,0,0,0,0,0,0,0,0,0,0,0,0,0,0,0,0,0,0.9372,0,0,0,0,0,0,0,0,0,0,0,0,0,0,0,0,0,0,0,0,0,0,0,0,0,0,0,0,0,0,0,0
tumour1,0,0,0,0,0,0,0,0,0,0,0,0,0,0,0,0,0,0,0,0,0,0.52232,0,0,0,0,0,0.01374,0,0,0,0,0,0,0,0,0,0,0,0,0,0.01067,0,0,0,0,0,0,0,0,0,0.01125,0,0.1021,0,0,0,0,0,0,0,0,0,0,0,0,0,0.007335,0,0.3326,0,0,0,0,0,0,0,0,0,0,0,0,0,0,0,0,0,0,0,0,0,0,0,0,0,0,0,0,0,0,0,0,0,0,0,0,0,0,0,0,0,0,0,0,0,0,0,0,0,0,0,0,0,0,0,0,0,0,0,0,0,0,0,0,0,0,0,0,0,0,0,0,0,0,0,0,0,0,0,0,0,0,0,0,0,0,0,0,0,0,0
tumour2,0,0,0,0,0,0,0,0,0,0,0,0,0,0,0,0,0,0,0,0,0,0,0,0,0,0,0,0,0,0,0,0,0,0,0,0,0,0,0,0,0,0,0,0,0,0,0,0,0,0,0,0,0,0,0,0,0,0,0,0,0,0,0,0,0,0.76587,0,0,0,0,0,0,0,0,0,0.03096,0,0.03235,0,0,0,0,0,0,0,0,0,0,0,0,0,0,0,0,0,0,0,0,0,0,0,0,0,0,0,0,0,0,0,0,0,0,0,0,0,0,0,0,0,0,0,0,0,0,0,0,0,0,0,0,0,0,0.040147,0,0,0,0,0,0,0,0,0,0,0,0,0,0,0.04088,0,0.08432,0,0,0,0,0,0,0,0,0.005497,0,0
tumour3,0,0,0,0,0,0.0001161,0,0,0,0,0.0235248,0,0,0,0,0,0.002333,0,0,0,0,0.3895615,0,0.02058,0,0,0.002886,0.0003362,0,0,0,0,0,0.1426257,0,0,0,0,0,0,0,0.1174147,0,0.0001489,0,0,0,0,0,0,0.002339,0.0002932,0,0.001249,0,0,0.0004761,0,0,0,0,0,0,0,0.0003909,0.133335,0,0.0024363,0,0,0,0,0,0.0165287,0,0,0,0,0,0,0,0.0005704,0.005388,0,0,0,0.0339112,0.001611,0,0,0,0,0,0,0,0,0,0,0,0,0,0,0,0.007445,0,0.0001104,0,0,0.0134882,0,0,0,0,0,0,0,0,0,0,0,0,0,0,0,0,0,0,0,0,0,0,0,0,0.002836,0.030701,0,0,0,0,0,0.00041,0,0.0002652,0,0,0,0,0,0,0.04504,0.001692,0,0,0,0,0,0,0,0,0,0
tumour4,0,0.003665,0,0,0,0,0,0,0,0,0.0175474,0,0,0,0,0,0.0054192,0,0,0,0,0.6105837,0,0.0003036,0,0.0001137,0.0011047,0.0011952,0,0,0,0,0,0,0,0,0,0,0,0.0005916,0,0.0082563,0,0.0001417,0,0,0,0,0,0,0,0,0,0.0064366,0,0,0.001133,0,0,0,0,0,0,0,0.0016617,0.010316,0.0001138,0.0104619,0,0.043752,0,0,0,0.0008563,0,0,0,0,0,0,0,0.001086,0.002565,0,0,0,0.199824,0,0,0,0,0,0,0,0,0,0,0,0,0,0,0,0,0,0,0,0,0,0.002364,0,0,0,0,0,0,0,0,0,0,0,0,0,0,0,0,0,0,0,0.0004679,0,0.022628,0,0,0.000675,0.042158,0,0,0,0,0,0,0,0,0,0,0,0,0,0.0002439,0.0001797,0.004078,0,0,0,0,0,0,0,0,0,0
tumour5,0,0,0,0,0,0,0,0,0,0,0,0,0,0,0,0,0,0,0,0,0,0.180451,0,0,0,0,0,0,0,0,0,0,0,0,0,0,0,0,0,0,0,0,0,0,0,0,0,0,0,0,0,0,0,0,0,0,0,0,0,0,0,0,0,0,0,0.75033,0,0,0,0,0,0,0,0,0,0,0,0,0,0,0,0,0,0,0,0,0.06921,0,0,0,0,0,0,0,0,0,0,0,0,0,0,0,0,0,0,0,0,0,0,0,0,0,0,0,0,0,0,0,0,0,0,0,0,0,0,0,0,0,0,0,0,0,0,0,0,0,0,0,0,0,0,0,0,0,0,0,0,0,0,0,0,0,0,0,0,0,0,0,0,0,0
tumour6,0,0,0,0,0,0,0,0,0,0,0.024018,0,0,0,0,0,0,0,0,0,0,0.713164,0,0.007533,0,0,0,0.0007938,0,0,0,0,0,0,0,0,0,0,0,0,0.0868353,0.0007704,0.007009,0,0,0.014385,0,0,0,0,0,0,0,0.021141,0,0,0,0,0,0,0,0,0,0,0,0.007614,0.0005645,0.0029706,0,0.026801,0,0,0,0.0067983,0,0,0,0,0,0,0,0,0,0,0,0,0.027889,0,0,0,0,0,0,0,0,0,0,0,0,0,0,0,0,0,0,0,0,0,0.007552,0,0,0,0.003983,0,0,0,0,0,0,0,0,0,0,0,0,0,0,0,0.002321,0,0,0,0,0,0.019674,0,0,0,0,0,0,0,0,0,0,0,0,0,0.00121,0.004493,0,0,0.007816,0,0,0,0,0,0.004642,0,0
tumour7,0,0,0.01754,0,0,0.0003426,0,0,0,0.0002549,0.00943,0,0,0,3.96E-05,0,0.0010606,0.0004215,0,0,0,0.6041066,0,0.00173,0,0.0000215,0.002317,0.0019938,0,0,0,0.0001237,0,0.0001362,0.0002654,0,0,0,1.29E-05,0,0,0.0463741,0.002735,0.004906,0,0.0008843,0.0000242,0,0,0,0.0000652,0.0000863,0,0.023572,0,0,0.0006823,0,0,0.0000251,0,0,0,0,0.0008253,0.0620766,0,0.0059048,0,0.0026522,0,0,0,0.0564224,0.0001034,0.0003125,0.0002074,0.0006374,0,0,0,0,0,0,8.58E-05,0.0000298,0.0312012,0.0002817,0,0,0,0,0,0,0,0,0.0001984,0,0,0,0,0,0.0009064,0,0,0,0,0,0.049855,0.0002954,0,0,0.0000366,0,0,0,0,0,0,0.0001136,0.0003067,0,0,0,0,0,0,0,0.0002819,0,0.004588,0,0.0001962,0.001016,0.045658,0,0,0,0,0,0,0,0.0000315,0,0,0,0,0.0025895,0.0002622,0.0008709,0.0069844,0,0.001397,0,0,0,0,0,0.0045472,0,0
tumour8,0,0,0,0,0,0,0,0,0,0,0,0,0,0,0,0,0,0,0,0,0,0.279035,0,0,0,0,0,0,0,0,0,0,0,0,0,0,0,0,0,0,0,0,0,0,0,0,0,0,0,0,0,0.006611,0,0,0,0,0,0,0,0,0,0,0,0,0,0.02359,0,0,0,0,0,0,0,0.086034,0,0.04274,0,0,0,0,0,0,0,0,0,0,0,0,0,0,0,0,0,0,0,0,0,0,0,0,0,0,0,0,0,0.02986,0,0,0.002652,0,0,0,0.03803,0,0,0.1204,0,0,0,0.160508,0,0,0,0,0,0,0,0,0,0,0,0,0,0,0.1232,0,0,0.08729,0,0,0,0,0,0,0,0,0,0,0,0,0,0,0,0,0,0,0,0,0,0,0
tumour9,0,0,0,0,0,0.0001514,0,0,0,0,0.0011346,0,0,0,0,0,0.003085,0,0,0,0,0.7885762,0,0.001948,0,0,0,0.001401,0,0,0,0,0,0,0,0,0,0,0,0.0000925,0.00543,0.0556498,0,0.0007092,0,0.0007809,0,0,0,0,0,0.0000819,0,0.005233,0,0,0.006634,0,0,0,0,0,0,0,0.0031516,0.027016,0,0.0057532,0,0.003126,0,0,0.001937,0,0,0,0.0001508,0,0,0,0,0,0.002407,0,0,0.0000427,0.0322995,0,0,0,0,0,0,0,0,0,0,0,0,0,0,0,0,0,0,0,0.0001328,0,0.0093232,0.0004298,0,0,0.0000916,0,0,0,0,0,0,0.0007302,0,0,0,0,0,0,0,0,0,0,0.001091,0,0,0.007808,0.0245428,0,0,0,0,0,0,0,0.0000853,0,0,0,0,0,7.63E-05,0.0006838,0.00823,0,0,0,0,0,0,0,0,0,0
tumour10,0,0,0,0,0,0,0,0,0,0,0.009278,0,0,0,0,0,0,0,0,0,0,0.47147,0,0.001681,0,0,0,0.001771,0,0,0,0,0,0,0,0,0,0,0,0,0,0.0361,0,0,0,0,0,0,0,0,0,0,0,0.02857,0,0,0,0,0,0.001293,0,0,0,0,0,0.384244,0,0,0,0,0,0,0,0,0,0,0,0,0,0,0,0,0,0,0,0,0.040758,0,0,0,0,0,0,0,0,0,0,0,0,0,0,0,0,0,0,0,0,0,0.012712,0,0,0,0,0,0,0,0,0,0,0,0,0,0,0,0,0,0,0,0,0,0,0,0,0,0.0107,0,0,0,0,0,0,0,0,0,0,0,0,0,0,0,0,0,0,0,0,0,0,0,0.001383,0,0
tumour11,0,0.01111,0,0,0,0,0,0,0,0,0,0,0,0,0,0,0,0,0,0,0,0.3129324,0,0,0,0.0007394,0,0.003878,0,0,0,0,0,0,0,0,0,0,0,0.00073,0,0.0374707,0,0.0002862,0,0,0,0,0,0,0,0,0,0,0,0,0.012004,0,0,0.000118,0,0,0,0,0.0032195,0.371152,0,0.0111125,0,0,0,0,0,0,0,0,0,0,0,0,0,0,0,0,0,0.0003718,0.080525,0,0,0,0,0,0,0,0,0,0,0,0,0,0,0,0.0003196,0,0,0,0,0,0.001922,0,0,0,0,0,0,0,0,0,0,0,0,0,0,0,0,0,0,0,0.0009447,0,0,0,0,0.004089,0.04405,0,0,0,0,0,0,0,0,0,0,0,0,0.0005327,0,0.0868381,0.00976,0,0,0,0,0,0,0,0.0057192,0,0.0001972
tumour12,0,0,0.0008315,0,0,0,0,0,0,0.0005917,0.0101475,0,0,0,0,0,0.03993,0,0,0,0,0.0503812,0,0.001365,0,0.001646,0.0012935,0.003765,0,0,0,0,0,0,0,0,0,0,0,0.000665,0.03902,0.0943659,0.0003287,0.002229,0,0.0065205,0.0002531,0,0,0,0.006818,0.0002944,0,0.028013,0,0,0,0,0,0,0,0,0,0,0.0008171,0.003412,0,0.039316,0,0.22831,0,0,0.01392,0.0009313,0,0,0,0.005011,0,0,0,0,0.01153,0,0,0,0.0646436,0,0,0,0,0,0,0,0,0,0,0,0,0,0,0,0,0,0,0,0.0004768,0,0.0120356,0,0,0,0,0,0,0,0,0,0,0,0,0,0,0,0,0,0,0,0.0008434,0,0,0,0,0.01668,0.30567,0,0,0,0,0,0,0,0,0,0,0,0,0,0.001096,0.0037629,0.003133,0,0,0,0,0,0,0,0,0,0
tumour13,0,0,0.0022593,0,0,0,0,0,0,0.0007905,0.017563,0,0,0,0,0,0,0,0,0,0,0.632384,0,0.0005801,0,0.0000621,0.0021232,0.000786,0,0,0,0,0,0,0,0,0.003283,5.25E-05,0,0.0000358,0,0.0568227,0.006305,0.0004641,0,0,0,0,0,0,0,0.0000762,0,0.0045406,0,0,0.0006184,0,0,0,0,0,0,0,0.0000519,0.114852,0,0.007636,0,0.00334,0,0,0,0.0005244,0,0,0.0005264,0.003262,0,0,0,0,0.0014,0,0,0.0000477,0.0192876,0,0,0,0,0,0.0007946,0,0,0,0,0,0,0,0,0,0,0,0,0,0,0,0.037422,0,0,0,0.0014887,0.0005444,0,0.000074,0.00383,0,0,0.061115,0.0000419,0,0,0,0,0,0,0,0.0002048,0,0,0,0,0.002946,0.007442,0,0,0.0001006,0,0,0,0,0.0003665,0,0,0,0,0,0.0005323,0.000727,0.002638,0,0,0,0,0.0000505,0,0,0,0,0
tumour14,0,0,0,0,0,0,0,0,0,0,0,0,0,0,0,0,0,0,0,0,0,0.42553,0,0,0,0.01029,0,0,0,0,0,0,0,0,0,0,0,0,0,0,0,0,0,0,0,0,0,0,0,0,0,0,0,0,0,0,0,0,0,0,0,0,0,0,0,0,0,0,0,0,0,0,0,0.285,0,0,0,0,0,0,0,0,0,0,0,0,0,0,0,0,0,0,0,0,0,0,0,0,0,0,0,0,0,0,0,0,0,0,0,0,0,0,0,0,0,0,0,0,0,0,0,0,0,0,0,0,0,0,0,0,0,0,0,0,0,0,0,0,0,0,0,0,0,0,0,0,0,0,0,0.2792,0,0,0,0,0,0,0,0,0,0,0
tumour15,0,0,0,0,0,0,0,0,0,0,0,0,0,0,0,0,0,0,0,0,0,0.999994,0,0,0,0,0,0,0,0,0,0,0,0,0,0,0,0,0,0,0,0,0,0,0,0,0,0,0,0,0,0,0,0,0,0,0,0,0,0,0,0,0,0,0,0,0,0,0,0,0,0,0,0,0,0,0,0,0,0,0,0,0,0,0,0,0,0,0,0,0,0,0,0,0,0,0,0,0,0,0,0,0,0,0,0,0,0,0,0,0,0,0,0,0,0,0,0,0,0,0,0,0,0,0,0,0,0,0,0,0,0,0,0,0,0,0,0,0,0,0,0,0,0,0,0,0,0,0,0,0,0,0,0,0,0,0,0,0,0,0
tumour16,0,0,0,0,0,0,0,0,0,0,0,0,0,0,0,0,0,0,0,0,0,0.11063,0,0,0,0,0,0,0,0,0,0,0,0,0,0,0,0,0,0,0,0.003759,0,0,0,0,0,0,0,0,0,0,0,0,0,0,0,0,0,0,0,0,0,0,0,0.84939,0,0,0,0,0,0,0,0,0,0,0,0,0,0,0,0,0,0,0,0,0,0,0,0,0,0,0,0,0,0,0.004651,0,0,0,0,0,0,0,0,0,0,0,0.010793,0,0,0,0,0,0,0,0,0,0,0,0,0,0,0,0,0,0,0,0,0,0,0,0,0,0,0,0,0,0,0,0,0,0,0,0,0,0,0,0,0,0,0,0,0,0,0,0,0,0.02075,0,0
tumour17,0,0,0,0,0,0,0,0,0,0,0,0,0,0,0,0,0,0,0,0,0,0.38845,0,0,0,0,0,0,0,0,0.007969,0,0,0,0,0,0,0,0,0,0,0,0,0,0,0,0,0,0,0,0,0,0,0,0,0,0,0,0,0,0,0,0,0,0,0,0,0,0,0,0.01988,0,0,0.554142,0,0.007702,0,0,0,0,0,0,0,0,0,0,0,0.002762,0,0,0,0,0,0,0,0,0,0,0,0,0,0,0,0,0,0,0,0,0.004179,0,0,0,0.003951,0,0,0,0,0,0,0,0,0,0,0,0,0,0,0,0,0,0,0,0,0,0,0,0,0.01101,0,0,0,0,0,0,0,0,0,0,0,0,0,0,0,0,0,0,0,0,0,0,0
tumour18,0,0,0,0,0,0,0,0,0,0,0,0,0,0,0,0,0,0,0,0,0,0.303651,0,0,0,0,0,0,0,0,0,0,0,0,0,0,0,0,0,0,0.5333,0.06812,0,0,0,0,0,0,0,0,0,0,0,0,0,0,0,0,0,0,0,0,0,0,0,0.084972,0,0,0,0,0,0,0,0,0,0,0,0,0,0,0,0,0,0,0,0.009984,0,0,0,0,0,0,0,0,0,0,0,0,0,0,0,0,0,0,0,0,0,0,0,0,0,0,0,0,0,0,0,0,0,0,0,0,0,0,0,0,0,0,0,0,0,0,0,0,0,0,0,0,0,0,0,0,0,0,0,0,0,0,0,0,0,0,0,0,0,0,0,0,0,0,0
tumour19,0,0,0.0007626,0,0,0,0,0,0,0.000087,0,0,0,0,0,0,0,0,0,0,0,0.5417667,0,0,0,0,0,0.0008453,0,0,0,0,0,0.02138,0.000815,0,0,0.006732,0,0,0,0.0670387,0.0048581,0.0004679,0,0,0,0,0,0,0,0.0000865,0,0.0003252,0,0,0,0.01328,0,0.0000386,0,0.0072291,0,0,0.0003602,0.0684092,0,0.0053362,0,0.006063,0,0,0,0.0010157,0,0,0,0,0,0,0,0,0,0,0.000395,0.0001222,0.0140848,0,0,0.03561,0,0,0,0,0,0,0,0,0.0005899,0,0,0,0.0083578,0,0,0,0,0,0.001691,0,0,0,0,0,0,0,0,0,0,0.001209,0,0,0,0,0,0,0,0,0.0006178,0,0.01581,0,0,0.001337,0.001276,0,0,0.1588709,0,0,0,0,0,0,0,0,0,0,0.001127,0.0015062,0,0,0.0104,0,0,0,0,0,0.0000825,0,0
tumour20,0,0,0,0,0,0,0,0,0,0,0,0,0,0,0,0,0,0,0,0,0,0.412009,0,0.009411,0,0,0,0,0,0,0,0,0,0,0,0,0,0,0,0,0,0,0,0,0,0,0,0,0,0,0,0,0,0,0,0,0,0,0,0,0,0,0,0,0,0.56576,0,0,0,0,0,0,0,0,0,0,0,0,0,0,0,0,0,0,0,0,0,0,0,0,0,0,0,0,0,0,0,0,0,0,0,0,0,0,0,0,0,0,0.01284,0,0,0,0,0,0,0,0,0,0,0,0,0,0,0,0,0,0,0,0,0,0,0,0,0,0,0,0,0,0,0,0,0,0,0,0,0,0,0,0,0,0,0,0,0,0,0,0,0,0,0,0
tumour21,0,0,0.0004785,0,0,0.001675,0,0,0,0,0.0339226,0,0,0,0,0,0,0,0,0,0,0.4949969,0,0.003526,0,0,0.0009531,0.0004286,0,0,0,0,0,0.007919,0,0,0,0,0,0,0.0156305,0.228959,0.001261,0.0006327,0,0.006687,0,0,0,0,0,0.006727,0,0.0031836,0,0,0.001416,0,0,0,0,0,0,0,0.0002548,0.001449,0.0001016,0.0037598,0,0.00683,0.0001223,0.0001233,0,0.0009719,0,0,0.0031855,0,0,0,0,0,0,0,0,0,0.0221436,0.000578,0,0,0,0,0,0,0,0,0,0,0,0,0,0,0,0,0,0,0,0,0.0137044,0,0,0,0.050375,0,0,0.0001211,0.00329,0,0,0.000409,0.0001853,0,0,0,0,0,0,0,0,0,0.004274,0,0,0.005422,0.0178397,0,0,0,0,0,0.0003484,0,0.002029,0,0,0,0,0,0.0006532,0.0017528,0.004794,0,0,0,0.04688,0,0,0,0,0,0
tumour22,0,0,0,0,0,0,0,0,0,0,0.009093,0,0,0,0,0,0,0,0,0,0,0.1647699,0,0,0,0.001432,0,0,0,0,0,0,0,0.003437,0,0,0,0,0,0.00321,0,0,0,0,0,0,0,0,0,0,0,0.001514,0,0.005344,0,0,0,0,0,0,0,0,0,0,0,0.167983,0,0,0,0.03321,0,0,0,0.235208,0,0.01282,0.002616,0,0,0,0,0,0,0,0,0,0,0,0,0,0,0,0,0,0,0,0,0,0,0,0,0,0,0,0,0,0.001151,0,0.0021754,0,0,0,0.011385,0,0,0,0,0,0,0.0122073,0,0,0,0,0,0,0,0,0,0,0,0,0,0.007322,0,0,0,0,0,0,0,0,0.001589,0,0,0,0,0.003157,0,0.316099,0,0,0.004274,0,0,0,0,0,0,0,0
tumour23,0,0,0.0005163,0,0,0.0003084,0,0,0,0,0.003508,0,0,0,0,0,0,0,0,0,0,0.2481154,0,0.001271,0.0004525,0,0,0,0,0,0,0,0,0.0739247,0,0,0,0,0,0.0015583,0,0.011406,0.0087,0.001186,0,0.001128,0,0,0,0,0.0007767,0.0007549,0,0.009949,0,0,0,0,0,0,0,0,0,0,0.0002655,0.031489,0.0003175,0.0055078,0.0003891,0.01281,0,0,0,0.0849267,0,0.022107,0.01817,0.004101,0,0,0,0,0.01431,0,0,0.0003863,0.001876,0.0009031,0,0,0,0,0,0,0,0,0,0,0.0004154,0,0,0,0,0,0,0,0,0,0.001194,0,0,0,0.0101373,0,0,0,0,0,0,0.0373017,0.001951,0,0,0,0,0,0,0,0.001305,0,0.01336,0,0,0.001883,0.01452,0,0,0,0,0,0,0,0,0,0,0,0,0,0.0006804,0.3504435,0,0,0.002198,0,0,0,0,0,0.0035305,0,0
tumour24,0,0,0,0,0,0,0,0,0,0,0,0,0,0,0,0,0,0,0,0,0,0.096939,0,0,0,0,0,0,0,0,0,0,0,0,0,0,0,0,0,0,0,0,0.06288,0,0,0,0,0,0,0,0,0,0,0,0,0,0,0,0,0,0,0,0,0,0,0.59791,0,0,0,0,0,0,0,0,0,0,0,0,0,0,0,0,0,0,0,0,0,0,0,0,0,0,0,0,0,0,0,0,0,0,0,0,0,0,0,0,0,0,0,0,0,0,0.007566,0,0,0,0.164,0,0,0,0,0,0,0,0,0,0,0,0,0,0,0,0,0,0,0,0,0,0,0,0,0,0,0,0,0,0,0,0.01085,0.02928,0,0,0,0,0,0,0,0,0.03053,0,0
tumour25,0,0,0,0,0,0,0,0,0,0,0,0,0,0,0,0,0,0,0,0,0,0.41908,0,0,0,0,0,0,0,0,0,0,0,0,0,0,0,0,0,0,0,0,0,0,0,0,0,0,0,0,0,0,0,0,0,0,0,0,0,0,0,0,0,0,0,0,0,0,0,0,0,0,0,0.1592,0,0,0,0,0,0,0,0,0,0,0,0,0,0,0,0,0,0,0,0,0,0,0,0,0,0,0,0,0,0,0,0,0,0,0,0,0,0,0.02443,0,0,0,0,0,0,0,0,0,0,0,0,0,0,0,0.06724,0,0,0,0,0,0,0,0,0,0,0,0,0,0,0,0,0,0,0.07172,0,0.2582,0,0,0,0,0,0,0,0,0,0,0
tumour26,0,0,0.003061,0,0,0.044901,0,0,0,0,0.006504,0,0,0,0,0,0.01149,0,0,0,0,0.4474868,0,0.003143,0,0,0.0009125,0.004967,0,0,0,0,0,0,0,0,0,0,0,0.0003396,0,0.005686,0,0.002199,0,0.01291,0,0,0,0,0,0,0,0.02461,0,0,0,0,0,0.001195,0,0,0,0,0,0.018967,0,0.061115,0,0.05541,0,0,0,0.0159894,0,0,0,0,0,0,0,0,0,0,0,0.0002236,0.10524,0,0,0,0,0,0,0,0,0,0.001591,0,0,0,0,0,0,0,0,0,0,0,0.019942,0,0,0,0,0,0,0,0,0,0,0,0,0,0,0,0,0,0,0,0,0,0.02476,0,0,0.00349,0.10733,0,0,0,0,0,0,0,0,0,0,0,0,0,0,0,0.006382,0,0.01019,0,0,0,0,0,0,0,0
tumour27,0,0,0.1042,0,0,0,0,0,0,0,0,0,0,0,0,0,0,0,0,0,0,0.107754,0,0,0,0,0,0,0,0,0,0,0,0,0,0,0,0.007075,0,0,0,0,0.1039,0,0,0.02973,0,0,0,0,0,0,0,0,0,0,0,0,0,0,0,0,0,0,0,0.36603,0,0,0,0,0,0,0,0,0,0,0,0,0,0,0,0,0,0,0,0,0.06247,0.04819,0,0,0,0,0,0,0,0,0,0,0,0,0,0,0,0,0,0,0,0,0,0,0,0,0,0,0,0,0,0,0,0,0,0,0,0,0,0,0,0,0,0,0,0,0,0.04965,0,0,0,0,0,0,0,0,0,0,0,0,0,0,0,0.06973,0.05128,0,0,0,0,0,0,0,0,0,0
tumour28,0,0,0,0,0,0,0,0,0,0,0.0001396,0,0,0,0,0,0,0,0,0.0002792,0,0.1706899,0,0.0005715,0,0,0.0004333,0,0,0,0,0,0,0.04919,0,0,0,0.001013,0,0.0004453,0,0.0154618,0,0.0004266,0,0,0,0,0,0,0.0002283,0.005252,0,0,0,0,0,0.001164,0,0,0,0,0,0,0.0000716,0.0243266,0.0000857,0.0009065,0,0.001457,0.0004125,0.002581,0,0.359855,0,0,0,0,0,0,0,0,0.007721,0,0,0,0.0900632,0.001218,0,0,0,0,0,0,0,0,0,0,0.0001121,0,0,0,0,0,0.002485,0.0053381,0,0,0.001918,0.001034,0,0,0.020648,0,0,0.0001276,0,0,0.01036,0.1211247,0,0,0,0,0,0,0,0,0,0,0,0,0,0.001016,0.001455,0.000128,0,0.0816296,0,0,0.001469,0,0.000665,0.01412,0,0,0,0.0001986,0.0003671,0.0013962,0.0004042,0,0,0,0,0,0,0,0,0,0
tumour29,0,0,0.001236,0,0,0,0,0,0,0,0,0,0,0,0,0,0,0,0,0,0,0.4756651,0,0.0003503,0,0.000231,0,0.001477,0,0,0,0,0,0.001462,0,0,0,0,0.0001384,0.0001514,0,0.016079,0,0.001308,0,0,0,0,0,0,0,0.007727,0,0.00983,0,0,0.008426,0,0,0,0,0.0807414,0,0,0.003014,0.004471,0,0.0057461,0,0.032716,0,0,0,0,0,0.005434,0.0005562,0.001752,0,0,0,0.001252,0,0,0,0.0001064,0.19396,0,0,0,0,0,0,0,0,0,0,0,0,0,0,0,0,0,0,0,0,0,0.0145452,0,0,0,0,0,0,0,0,0,0,0.0180417,0,0,0,0.01681,0,0,0,0,0.001079,0.0001161,0,0,0.0002435,0.02491,0.04894,0,0,0,0,0,0,0,0,0,0,0,0,0,0,0.000868,0.018958,0,0,0.0007596,0,0,0.0005869,0,0.0002881,0,0
tumour30,0,0,0.000696,0,0,0.0014304,0,0,0,0.000118,0.01389,0,0,0,0,0,0,0.001756,0,0,0,0.2236015,0,0.00136,0,0.0054322,0.0018627,0.002007,0,0,0,0,0,0.006561,0,0,0.005388,0.0001723,0,0.0001176,0.000262,0.0030958,0.012791,0.0003809,0,0,0,0,0,0,0,0,0,0.02057,0,0,0,0,0,0,0,0.0261866,0,0,0.0007542,0.0052496,0.0017469,0.0972745,0,0.08524,0,0,0,0.0447166,0,0.0008084,0.0006039,0,0,0,0,0,0.009189,0,0,0,0.0218102,0.00176,0,0,0,0,0,0,0,0,0,0,0.0001334,0,0,0,0,0,0,0.0000941,0,0,0.0053299,0,0,0,0.0001523,0,0,0,0.003301,0.01906,0,0.0898875,0.0002321,0,0,0,0,0,0,0,0,0,0.050314,0,0,0.001209,0.136652,0,0,0.004293,0,0,0.0003496,0,0,0,0,0,0,0,0.0006554,0.0783217,0.004852,0,0.00723,0,0,0.0001664,0,0,0.0009503,0,0
tumour31,0,0,0,0,0,0,0,0,0,0.0000563,0.0026497,0,0,0,0,0.001138,0.0002093,0,0,0,0,0.1769853,0,0.0001299,0,0,0.005018,0.0004107,0,0,0,0,0,0,0,0,0,0,0,0.0009841,0,0.0558271,0,0.0001819,0,0.0012409,0,0,0,0,0,0.002269,0,0.0005087,0,0,0.001163,0,0,0.0002727,0,0.0029749,0,0,0.0007551,0.677851,0,0.0001461,0,0,0,0,0,0,0,0,0,0,0,0,0,0,0,0,8.53E-05,0.0007148,0.0122546,0,0,0,0,0,0,0,0,0,0,0,0,0,0,0,0.0007319,0,5.23E-05,0,0,0,0.0037905,0,0,0,0,0,0,0,0,0,0,0,0.006106,0,0,0,0,0,0,0,0,0,0,0,0,0.0002887,0.0110435,0,0,0,0,0,0,0,0,0,0,0,0,0,0.0001043,0,0.0009189,0,0.0066,0,0,0,0,0,0.0264809,0,0
tumour32,0,0,0,0,0,0.006732,0,0,0,0,0.002552,0,0,0,0,0,0.04058,0,0,0,0,0.3191924,0,0.01017,0,0.03457,0.004862,0.001949,0,0,0,0,0,0,0.003758,0,0,0,0,0.03222,0,0.092078,0,0.001726,0,0,0,0,0,0,0,0,0,0.018,0,0,0,0,0,0,0,0.004317,0,0,0.002845,0.017158,0,0.004161,0,0.07019,0,0,0,0.085897,0,0,0.01322,0,0,0,0,0,0.09374,0,0,0,0.03,0,0,0,0,0,0,0,0,0,0,0,0,0,0,0,0,0,0,0,0,0,0.017152,0,0,0,0,0,0,0,0,0,0,0,0.001264,0,0,0,0,0,0,0,0,0,0,0,0,0.00411,0.02943,0,0,0,0,0,0,0,0.005382,0,0,0,0,0,0,0.0018655,0,0,0.01319,0,0,0,0,0,0.03648,0,0.00119
tumour33,0,0,0,0,0,0,0,0,0,0,0.0559,0,0,0,0,0,0,0,0,0,0,0.328455,0,0.005063,0,0,0,0,0,0,0,0,0,0,0,0,0,0,0,0.009864,0,0,0,0,0,0,0,0,0,0,0,0.004653,0,0,0,0,0,0,0,0,0,0,0,0,0,0.21606,0,0,0,0,0,0,0,0,0,0,0.03217,0,0,0,0,0,0.08551,0,0,0,0.08622,0,0,0,0,0,0,0,0,0,0,0,0,0,0,0,0,0,0,0,0.003538,0,0.041127,0,0,0,0,0,0,0,0,0,0,0,0,0,0,0,0,0,0,0,0.01251,0,0,0,0,0,0.11895,0,0,0,0,0,0,0,0,0,0,0,0,0,0,0,0,0,0,0,0,0,0,0,0,0,0
tumour34,0,0,0,0,0,0,0,0,0,0,0.04072,0,0,0,0,0,0,0,0,0,0,0.284458,0,0.002951,0,0,0.003428,0,0,0,0,0,0,0,0,0,0,0,0,0,0.3373,0.002415,0,0,0,0,0,0,0,0,0,0,0,0,0,0,0,0,0,0,0,0,0,0,0.001849,0.225177,0,0.001659,0,0.02974,0,0,0,0,0,0,0,0,0,0,0,0,0,0,0,0,0.03598,0,0,0,0,0,0,0,0,0,0,0,0,0,0,0,0,0,0,0,0,0,0,0,0,0,0,0,0,0,0,0,0,0,0,0,0,0,0,0,0,0,0,0,0,0,0,0.01311,0.01878,0,0,0,0,0,0,0,0,0,0,0,0,0,0,0.002422,0,0,0,0,0,0,0,0,0,0,0
tumour35,0,0,0,0,0,0,0,0,0,0,0,0,0,0,0,0,0,0,0,0,0,0.033802,0,0.0006989,0,0,0,0.0003682,0,0,0,0,0,0,0,0,0,0,0,0,0,0,0,0,0,0,0,0,0,0,0,0,0,0,0,0,0,0,0,0,0,0,0,0,0,0.853523,0,0,0,0,0,0,0,0.0023059,0,0,0.0005549,0.003439,0,0,0,0,0,0,0,0.0003141,0.0005062,0,0,0,0,0,0,0,0,0,0.0003538,0,0,0,0,0,0,0,0,0,0,0,0.0005235,0,0,0,0,0,0,0,0,0,0,0,0,0,0,0,0,0,0,0,0.09163,0,0,0,0,0,0.00667,0,0,0,0,0,0,0,0,0,0,0,0,0,0,0,0,0,0.004982,0,0,0,0,0,0.0002874,0,0
tumour36,0,0,0.04613,0,0,0,0,0,0,0,0,0,0,0,0,0,0,0,0,0,0,0,0,0,0,0,0,0,0,0,0,0,0,0,0,0,0,0,0,0,0,0,0,0,0,0,0,0,0,0,0,0,0,0,0,0,0,0,0,0,0,0,0,0,0,0,0,0.007948,0,0,0,0,0,0,0,0,0,0,0,0,0,0,0,0,0,0,0,0,0,0,0,0,0,0,0,0,0,0,0,0,0,0,0,0,0,0,0,0,0,0,0,0,0,0,0,0,0,0,0,0,0,0,0,0,0,0,0,0,0.9459,0,0,0,0,0,0,0,0,0,0,0,0,0,0,0,0,0,0,0,0,0,0,0,0,0,0,0,0,0,0,0,0
tumour37,0,0,0,0,0,0,0,0,0,0,0.007066,0,0,0,0,0,0,0,0,0,0,0.2145299,0,0,0,0.023884,0,0.002698,0,0,0,0,0,0,0,0,0,0,0,0,0,0.12257,0,0.00239,0,0.0421,0,0,0,0,0,0,0,0.01661,0,0,0,0,0,0,0,0.16685,0,0,0,0.142327,0,0.01015,0,0,0,0,0,0.035515,0,0,0,0,0,0,0,0,0,0,0,0,0.035194,0,0,0,0,0,0,0,0,0,0,0,0,0,0,0,0,0,0,0,0,0,0.008272,0,0,0,0,0,0,0,0,0,0,0,0,0,0,0,0,0,0,0,0,0,0.1614,0,0,0,0,0,0,0,0,0,0,0,0,0,0,0,0,0,0,0.004208,0,0,0,0,0,0,0,0,0.004212,0,0
tumour38,0,0,0,0,0,0,0,0,0,0,0,0,0,0,0,0,0,0,0,0,0,0.004558,0,0,0,0,0,0,0,0,0,0,0,0,0,0,0,0,0,0.00225,0,0,0,0,0,0,0,0,0,0,0,0,0,0,0,0,0,0,0,0,0,0,0,0,0.003114,0.8741,0,0,0,0,0,0,0,0.115962,0,0,0,0,0,0,0,0,0,0,0,0,0,0,0,0,0,0,0,0,0,0,0,0,0,0,0,0,0,0,0,0,0,0,0,0,0,0,0,0,0,0,0,0,0,0,0,0,0,0,0,0,0,0,0,0,0,0,0,0,0,0,0,0,0,0,0,0,0,0,0,0,0,0,0,0,0,0,0,0,0,0,0,0,0,0,0
tumour39,0,0,0,0,0,0,0,0,0,0,0,0,0,0,0,0,0.02294,0,0,0,0,0.501039,0,0.01725,0,0,0,0,0,0,0,0,0,0,0,0,0,0,0,0,0,0.002567,0.00151,0.002927,0,0,0,0,0,0,0,0,0,0.03684,0,0,0,0,0,0,0,0,0,0,0,0.29481,0,0.014204,0,0,0,0,0,0.015147,0,0,0,0,0,0,0,0,0,0,0,0,0.01913,0,0,0,0,0,0,0,0,0,0,0,0,0,0,0,0,0,0,0,0,0,0.001492,0,0,0.02943,0,0,0,0,0,0,0,0.0009304,0,0,0,0,0,0,0,0,0,0,0,0,0,0.00697,0.03098,0.001757,0,0,0,0,0,0,0,0,0,0,0,0,0,0,0,0,0,0,0,0,0,0,0,0,0
tumour40,0,0,0,0,0,0,0,0,0,0,0,0,0,0,0,0,0,0,0,0,0,0,0,0,0,0,0,0,0,0,0,0,0,0.2593,0,0,0,0,0,0,0,0,0,0,0,0,0,0,0,0,0,0,0,0,0,0,0,0,0,0,0,0,0,0,0,0,0,0,0,0,0,0,0,0,0,0,0,0,0,0,0,0,0,0,0,0,0,0,0,0,0,0,0,0,0,0,0,0,0,0,0,0,0,0,0,0,0,0,0.01146,0,0,0,0,0,0,0,0,0,0,0,0,0,0,0,0,0,0,0,0.7292,0,0,0,0,0,0,0,0,0,0,0,0,0,0,0,0,0,0,0,0,0,0,0,0,0,0,0,0,0,0,0,0
tumour41,0,0,0,0,0,0,0,0,0,0,0,0,0,0,0,0,0.01682,0,0,0,0,0.5379774,0,0,0,0,0,0.001211,0,0,0,0,0,0,0,0,0,0,0,0,0,0.0317768,0,0.001073,0,0,0,0,0,0,0,0,0,0.016455,0,0,0,0,0,0,0,0,0,0,0,0,0,0.011052,0,0.01159,0,0,0,0.0440973,0,0,0,0,0,0,0,0,0,0,0,0,0.11134,0,0,0,0,0,0,0,0,0,0,0,0,0,0,0,0,0,0,0,0,0,0.037799,0,0,0,0,0,0,0,0,0,0,0,0,0,0,0,0,0,0,0,0.05388,0,0.03624,0,0,0.01021,0,0,0,0,0,0,0,0,0,0,0,0,0,0.001997,0,0.016413,0,0,0,0,0,0,0,0,0.060093,0,0
tumour42,0,0,0,0,0,0,0,0,0,0,0.003011,0,0,0,0,0,0,0,0,0,0,0.0475119,0,0,0,0,0.0016,0,0,0,0,0,0,0,0,0,0,0,0,0.004249,0,0.0008927,0,0.001018,0,0,0,0,0,0,0,0,0,0,0,0,0,0,0,0,0,0,0,0,0,0.01177,0,0.0129,0,0,0,0,0,0.069922,0,0.061449,0.003465,0,0,0,0,0,0,0,0,0,0.01049,0,0,0,0,0,0,0,0,0,0,0,0,0,0,0,0,0,0,0,0,0,0,0,0,0,0.00421,0,0,0,0,0,0,0,0,0,0,0,0,0,0,0,0.0424,0,0,0,0,0,0.72289,0,0,0,0,0,0,0,0,0,0,0,0,0,0,0.001291,0,0,0,0,0,0,0,0,0.0008972,0,0
tumour43,0,0,0,0,0,0,0,0,0,0,0,0,0,0,0,0,0,0,0,0,0,0.197687,0,0.008563,0,0,0,0,0,0,0,0,0,0,0,0,0,0,0,0,0,0.06837,0,0,0,0,0,0,0,0,0,0,0,0,0,0,0,0,0,0,0,0,0,0,0,0.27297,0,0,0,0,0,0,0,0.04023,0,0,0,0,0,0,0,0,0,0,0,0.002602,0,0,0,0,0,0,0,0,0,0,0,0,0,0,0,0,0,0,0,0,0,0,0.048185,0,0,0,0,0,0,0,0,0,0,0,0,0,0,0,0,0,0,0,0.354,0,0,0,0,0,0,0,0,0,0,0,0,0,0,0,0,0,0,0,0,0.007458,0,0,0,0,0,0,0,0,0,0,0
tumour44,0,0,0,0,0,0,0,0,0,0,0,0,0,0,0,0,0,0,0,0,0,0.184228,0,0.005849,0,0,0,0.003083,0,0,0,0,0,0,0,0,0,0,0,0,0,0,0.033348,0,0,0,0,0,0,0,0,0,0,0,0,0,0,0,0,0,0,0,0,0,0,0,0,0.0116,0,0.05894,0,0,0,0.002106,0,0,0,0,0,0,0,0,0,0,0,0,0.076283,0,0,0,0,0,0,0,0,0,0,0,0,0,0,0,0,0,0,0,0,0,0.010736,0,0,0,0,0,0,0,0,0,0,0,0,0,0,0,0,0,0,0,0.4114,0,0,0,0,0,0.19682,0,0,0,0,0,0,0,0,0,0,0,0,0.005606,0,0,0,0,0,0,0,0,0,0,0,0,0
tumour45,0,0,0,0,0,0,0,0,0,0,0.002032,0,0,0,0,0,0,0,0,0,0,0.0622125,0,0,0,0,0,0,0,0,0,0,0,0,0,0,0,0,0,0,0,0,0,0,0,0,0,0,0,0,0,0,0,0.002389,0,0,0,0.00375,0,0.0005667,0,0,0,0,0,0.310847,0,0,0,0,0,0,0,0.3308119,0,0,0,0,0,0,0,0,0,0,0,0.0002238,0,0,0,0,0,0,0,0,0,0,0,0,0,0,0,0,0,0,0,0.0009884,0,0,0,0,0,0,0.087452,0,0,0.0008223,0.03575,0,0,0,0,0,0,0,0,0,0,0,0.05404,0,0,0,0,0,0,0,0,0,0,0,0.001893,0,0,0,0,0,0,0,0,0.1062394,0,0,0,0,0,0,0,0,0,0,0
tumour46,0,0,0,0,0,0,0,0,0,0,0,0,0,0,0,0,0,0,0,0,0,0.06335,0,0,0,0,0,0,0,0,0,0,0,0,0,0,0,0,0,0,0,0,0,0,0,0,0,0,0,0,0,0,0,0,0,0,0,0,0,0,0,0,0,0,0,0,0,0,0,0,0,0,0,0,0,0,0,0,0,0,0,0,0,0,0,0,0,0,0,0,0,0,0,0,0,0,0,0,0,0,0,0,0,0,0,0,0,0,0,0,0,0,0,0,0,0,0,0,0,0,0,0,0,0,0,0,0,0,0.9367,0,0,0,0,0,0,0,0,0,0,0,0,0,0,0,0,0,0,0,0,0,0,0,0,0,0,0,0,0,0,0,0
